name,contactEmail,category,city,address,postcode,instagramHandle,website,description
The Gym Group London Streatham,,Sports & Outdoor,Streatham,"Streatham Station, 350-372 Streatham High Rd",SW16 6HP,,https://www.thegymgroup.com/find-a-gym/south-london-gyms/streatham/,
Fitness First Streatham,,Beauty & Wellness,Streatham,7 Streatham High Rd,SW16 1EH,,https://www.fitnessfirst.co.uk/find-a-gym/london-streatham,
PureGym London Streatham,,Sports & Outdoor,Streatham,130-132 Streatham High Rd,SW16 1BW,,https://www.puregym.com/gyms/london-streatham/,
MoreYoga Tulse Hill,,Beauty & Wellness,West Norwood,357 Norwood Rd,SE27 9BQ,,https://www.moreyoga.co.uk/yoga-london/tulse-hill-studio,
The Shala School of Yoga,,Beauty & Wellness,West Norwood,"3rd floor, 1 Chestnut Rd",SE27 9EZ,,http://www.theshalalondon.com/,
West Norwood Health and Leisure Centre - Active Lambeth,,Sports & Outdoor,West Norwood,25 Devane Way,SE27 0DF,,https://active.lambeth.gov.uk/locations/west-norwood/,
Lark Pilates,,Beauty & Wellness,West Norwood,1 Chestnut Rd,SE27 9EZ,,https://www.larkpilates.co.uk/,
Anytime Fitness Tulse HIll,,Beauty & Wellness,West Norwood,"Unit 1, 224 - 226 Norwood Rd",SE27 9AQ,,https://www.anytimefitness.co.uk/gyms/uk-0166/london-greater-london-se27-9aq/,
Amrita School of Yoga,,Beauty & Wellness,West Norwood,"Knights Hall, 23a Knights Hill",SE27 0HS,,,
Fight for Sight West Norwood Charity Shop,,Fashion & Apparel,West Norwood,356 Norwood Rd,SE27 9AA,,https://www.fightforsight.org.uk/our-shops/visit-our-shops/west-norwood/,
Fight for Sight Tulse Hill Charity Shop,,Fashion & Apparel,West Norwood,178B Norwood Rd,SE27 9AU,,https://www.fightforsight.org.uk/our-shops/visit-our-shops/tulse-hill/,
Emmaus SLC - Lofty,,Fashion & Apparel,West Norwood,88 Knights Hill,SE27 0JD,,https://emmaus.org.uk/slc/shop/88-knights-hill/,
ELITE KOREAN KICKBOXING UK,,Sports & Outdoor,Streatham,94/98 Leigham Ct Rd,SW16 2LG,,,
Taekwon-Do Impact Streatham,,Sports & Outdoor,Streatham,390 Streatham High Rd,SW16 6HX,,https://www.tkdimpact.co.uk/streatham,
AEON BJJ,,Sports & Outdoor,Streatham,"Streatham Youth Centre, 63 Conyers Rd",SW16 6LS,,http://www.aeonbjj.co.uk/,
Chi Combat System Norbury | Mixed Martial Arts,,Sports & Outdoor,Streatham,273 Norbury Cres,SW16 4LF,,https://www.croydonchicombat.com/,
Danca Da Liberdade Capoeira School,,Sports & Outdoor,Streatham,136 Streatham High Rd,SW16 6HP,,http://www.dancadaliberdade.com/,
Mortal Art Academy,,Sports & Outdoor,Streatham,1212 London Rd,SW16 4DN,,https://mortalartacademy.co.uk/,
Jigsaw Performing Arts School Streatham,,Services & Experiences,Streatham,"Bishop Thomas Grant School, Belltrees Grove",SW16 2HY,,https://www.jigsaw-arts.co.uk/franchise/streatham,
PTAH KHI SCHOOL,,Sports & Outdoor,Streatham,"Pringle Gardens, Ullathorne Rd",SW16 1SH,,http://ptahkhischool.com/,
Tsunami Taekwondo,,Sports & Outdoor,Streatham,"St Oswalds Church Hall, St. Oswalds Rd",SW16 3SB,,http://www.tsunamitkd.co.uk/,
"8 Rounds Boxing Gym, Streatham",,Sports & Outdoor,Streatham,Westwell Rd,SW16 5SH,,http://www.8roundsboxing.co.uk/,
London Croydon Martial Arts,,Sports & Outdoor,Streatham,"Location 1, Norbury Cres",SW16 4LF,,http://www.londoncroydonmartialarts.com/,
Mei Quan Qi Gong & Tai Chi - Tooting Common,,Sports & Outdoor,Streatham,16A Abbotswood Rd,SW16 1AP,,https://taichinews.com/branch/tooting-common,
Budokon Kids Academy (UK),,Sports & Outdoor,Streatham,19 Hawkhurst Rd,SW16 5EH,,,
Streatham Ice and Leisure Centre - Active Lambeth,,Sports & Outdoor,Streatham,390 Streatham High Rd,SW16 6HX,,https://active.lambeth.gov.uk/locations/streatham/,"London's largest ice rink plus a gym, exercise studios, 2 swimming pools and a multi-sports hall."
FullcircleQi,,Sports & Outdoor,West Norwood,"Theatre, Fly Loft, The Old Fire Station, The South, 2A Norwood High St",SE27 9NS,,http://fullcircleqi.co.uk/,
Tsunami Taekwondo Academy,,Sports & Outdoor,Streatham,1212 London Rd,SW16 4DN,,http://tsunamitkd.co.uk/,
Pilates with Caitlin,,Beauty & Wellness,Streatham,"St Peter's Church, Leigham Ct Rd",SW16 2SD,,https://www.caitlinbarnettcompany.com/pilateswithcaitlin,
Pilates With Imo,,Beauty & Wellness,Streatham,"St Leonards Church Hall, 10 Tooting Bec Gardens",SW16 1QR,,https://www.pilateswithimo.com/,
FARA Charity Shop - Streatham,,Fashion & Apparel,Streatham,100 Streatham High Rd,SW16 1BS,,https://www.faracharity.org/shop/streatham/,
Shelter Charity Shop (Streatham),,Fashion & Apparel,Streatham,242 Streatham High Rd,SW16 1BB,,https://england.shelter.org.uk/support_us/shops/streatham,
"Shop from Crisis, Streatham",,Fashion & Apparel,Streatham,162 Streatham High Rd,SW16 1BJ,,https://www.crisis.org.uk/get-involved/find-our-charity-shops/streatham/,
St Christopher's,,Fashion & Apparel,Streatham,23 Streatham High Rd,SW16 1DS,,https://www.stchristophers.org.uk/,
All Aboard Shops,,Fashion & Apparel,Streatham,83 Streatham High Rd,SW16 1PH,,http://www.allaboardshops.com/,"Charity retailer selling donated, secondhand items including clothing, shoes, books & toys."
Cancer Research UK,,Fashion & Apparel,Streatham,65 Streatham High Rd,SW16 1PH,,https://www.cancerresearchuk.org/get-involved/find-a-shop/streatham,"Charity retailer offering donated, secondhand items including books, clothing & household goods."
Oxfam Charity Retail Shop,,Fashion & Apparel,Streatham,47 Streatham High Rd,SW16 1EG,,https://www.oxfam.org.uk/shops/,
British Heart Foundation - Books and Music Shop,,Fashion & Apparel,Streatham,94 Streatham High Rd,SW16 1BS,,https://www.bhf.org.uk/what-we-do/find-bhf-near-you/2014/11/24/21/53/streatham-books-and-music-shop,
British Heart Foundation,,Fashion & Apparel,Streatham,75 Streatham High Rd,SW16 1PH,,http://www.bhf.org.uk/what-we-do/find-bhf-near-you/streatham-bhf-shop,
Sense,,Fashion & Apparel,Streatham,Streatham High Rd,SW16 1BB,,https://www.sense.org.uk/shops/,
Lark Streatham,,Fashion & Apparel,Streatham,25,SW16 1EX,,http://www.larklondon.com/,
Streatham Society,,Fashion & Apparel,Streatham,14 Woodbourne Ave,SW16 1UU,,http://www.streathamsociety.org.uk/,
Cancer Research UK,,Fashion & Apparel,Streatham,1390 London Rd,SW16 4BZ,,https://www.cancerresearchuk.org/get-involved/find-a-shop/norbury,"Charity retailer offering donated, secondhand items including books, clothing & household goods."
Emmaus SLC - Knights Hill,,Fashion & Apparel,West Norwood,7-9 Knights Hill,SE27 0HS,,https://emmaus.org.uk/slc/shop/7-9-knights-hill/,
FEKM-UK Ltd,,Services & Experiences,West Norwood,169 Hamilton Rd,SE27 9SW,,https://fekm-uk.com/,
Krav Maga Self Defence Classes,,Sports & Outdoor,West Norwood,"169 Hamilton Rd, Greater",SE27 9SW,,https://kravmagaclasses.online/index.php/contact/,
EITAN Krav Maga FEKM,,Sports & Outdoor,West Norwood,"West Norwood Health & Leisure Centre, 25 Devane Way",SE27 0DF,,https://eitankravmaga.com/,
Croydon Amateur Boxing Club,,Sports & Outdoor,Streatham,"Norbury Park, Harefield Rd",SW16 3LX,,,
Norwood Community Group Services,,Fashion & Apparel,West Norwood,"The Old Library, 14-16 Knights Hill",SE27 0HY,,http://www.norwoodcommunitygroup.co.uk/,
Vinyl Bar,,Food & Drink,Streatham,10 Streatham High Rd,SW16 1DB,,,
The Book and Record Bar,,Food & Drink,West Norwood,20 Norwood High St,SE27 9NR,,http://www.bookandrecordbar.co.uk/,
CeX,,Tech & Gadgets,Streatham,164 Streatham High Rd,SW16 1BJ,,https://uk.webuy.com/,
TGJones,,Art & Culture,Streatham,180-182 Streatham High Rd,SW16 1BH,,https://www.tgjonesonline.co.uk/stores/high-road-london,
Tapi Carpets & Floors,,Services & Experiences,Streatham,"Astoria Parade, Streatham High Rd",SW16 1PR,,https://www.tapi.co.uk/stores/streatham,
Andrews Streatham,,Services & Experiences,Streatham,20 Streatham High Rd,SW16 1DB,,https://www.andrewsonline.co.uk/about/offices/streatham,
Access Self Storage Streatham,,Books & Music,Streatham,1A Kempshott Rd,SW16 5LG,,https://www.accessstorage.com/south-london/access-self-storage-streatham,
B&Q Local - Streatham,,Home & Living,Streatham,216-220 Streatham High Rd,SW16 1BB,,https://www.diy.com/store/2876,
The hair and beauty lounge,,Beauty & Wellness,Streatham,115 Streatham Vale,SW16 5SQ,,,
Cutting Room,,Beauty & Wellness,Streatham,"8, Astoria Parade, Streatham High Rd",SW16 1PR,,http://www.cuttingroomstreatham.co.uk/,
Zac & Co hair and beauty salon,,Beauty & Wellness,Streatham,12 The High Parade,SW16 1EX,,http://www.zacandco.co.uk/,
Raw Bella AVEDA,,Beauty & Wellness,Streatham,344B Streatham High Rd,SW16 6HH,,https://rawbella.co.uk/,
Soft Touch Hair & Beauty Salon,,Beauty & Wellness,Streatham,113 Streatham High Rd,SW16 1HJ,,,
Her Definition Salon,,Beauty & Wellness,Streatham,135 Streatham High Rd,SW16 1HJ,,https://www.herdefinition.co.uk/,
RAMA Hair & Beauty Salon,,Beauty & Wellness,Streatham,London SW16 1DR,SW16 1DR,,,
SORAIA'S Hair and Beauty Salon,,Beauty & Wellness,Streatham,33 Leigham Ct Rd,SW16 2ND,,,
Tofem Hair & Beauty Salon,,Beauty & Wellness,Streatham,"3, Sanders Parade, Greyhound Ln",SW16 5NL,,http://www.tofem.co.uk/,
Always Natural,,Beauty & Wellness,Streatham,450 Streatham High Rd,SW16 3PX,,https://alwaysnaturalsalon.co.uk/,
Lael,,Beauty & Wellness,Streatham,308 Streatham High Rd,SW16 6HG,,https://laellondon.com/,
Ayan Hair and Beauty,,Food & Drink,Streatham,334 Streatham High Rd,SW16 6HH,,,
Image London | The Hair Extension & Colour Specialists Salon,,Beauty & Wellness,Streatham,60 Moyser Rd,SW16 6SQ,,https://imagehairlondon.co.uk/salons/image-london-hair-salon-streatham/,
Little Jannah Organic Hair & Beauty Spa (Ladies Only),,Food & Drink,Streatham,"530, 532 Streatham High Rd",SW16 3QF,,http://www.littlejannah.co.uk/,
Reveal Hair & Beauty,,Beauty & Wellness,Streatham,123 Streatham Vale,SW16 5SQ,,https://reveal-hair-beauty.ueniweb.com/,
Charles Carter Hair,,Beauty & Wellness,Streatham,"Inside Jhanails, 237 Streatham High Rd",SW16 6EN,,https://www.charlescarterhair.com/,
Mario's Hairstylist and Barbers,,Food & Drink,Streatham,11 Shrubbery Rd,SW16 2AS,,,
Images Of Streatham,,Beauty & Wellness,Streatham,"Copes Pharmacy, 568 Streatham High Rd",SW16 3QQ,,,
Studio R Hair Salon,,Beauty & Wellness,Streatham,Leigham Ct Rd,SW16 2ND,,,
Valentina Frota Hair,,Beauty & Wellness,Streatham,"Flat 1, 312 Streatham High Rd",SW16 6HG,,http://valentinafrotahair.mytreatwell.co.uk/,
TANNAIL.ldn,,Beauty & Wellness,Streatham,173 Streatham High Rd,SW16 6EG,,https://tannail.co.uk/,
Maggie Olszak Hair Salon,,Beauty & Wellness,Streatham,23 Northanger Rd,SW16 5RX,,https://maggie-olszak.co.uk/,
My Little Salon,,Beauty & Wellness,Streatham,42a Drewstead Rd,SW16 1AG,,http://www.mylittlesalon.co.uk/,
OFF - CUT Streatham,,Food & Drink,Streatham,"17, The High, Parade",SW16 1EX,,https://off-cutbarbers.com/streatham,
Andrey Coiffure,,Beauty & Wellness,Streatham,"25, Inside Zac & Co, Streatham High Rd",SW16 1EX,,,
Debonair Barbers and Hair Studio,,Food & Drink,Streatham,205 Streatham High Rd,SW16 6EG,,http://instagram.com/debonairhairstudio,
Royal Barbers (Men’s Barbers Streatham),,Food & Drink,Streatham,392 Streatham High Rd,SW16 6HX,,,
Azariah London,,Beauty & Wellness,Streatham,"Bank Buildings, Mitcham Ln",SW16 6NG,,,
Empress Beautique,,Services & Experiences,Streatham,25a Shrubbery Rd,SW16 2AS,,http://www.empressbeautique.as.me/,
Savva's Barber,,Food & Drink,Streatham,102 Streatham High Rd,SW16 1BW,,,
Tracey Nails,,Beauty & Wellness,Streatham,6 Streatham High Rd,SW16 1DB,,http://traceynails.com/,
Emma Wilson Urban Spa,,Beauty & Wellness,Streatham,108C Streatham High Rd,SW16 1BW,,http://www.emmawilsonurbanspa.co.uk/,
London Beauty Spot - Beauty Salon & Aesthetics Practice,,Beauty & Wellness,Streatham,"6, Leigham Hall Parade, Streatham High Rd",SW16 1DR,,http://www.londonbeautyspot.co.uk/,
Paul Kay,,Beauty & Wellness,Streatham,"7, Leigham Hall Parade, 7 Leigham Ave",SW16 1DR,,http://www.paulkhair.co.uk/,
Streatham Plumbing & Heating Ltd,,Services & Experiences,Streatham,13B Shrubbery Rd,SW16 2AS,,,
S.glo,,Services & Experiences,Streatham,3 Streatham High Rd,SW16 1EQ,,https://www.sglotanning.co.uk/,
Superdrug,,Beauty & Wellness,Streatham,"202, 204 Streatham High Rd",SW16 1BB,,https://www.superdrug.com/store/streatham,
Yemaya London Beauty,,Beauty & Wellness,Streatham,324 Streatham High Rd,SW16 6HH,,http://www.yemayalondonbeauty.com/,
Malak's Hair & Beauty,,Beauty & Wellness,Streatham,221 Streatham High Rd,SW16 6EN,,,
Saj Beaute,,Beauty & Wellness,Streatham,131 Streatham High Rd,SW16 1HJ,,,
Blissful Nail Studio,,Beauty & Wellness,Streatham,"1, Leigham Hall Parade, Streatham High Rd",SW16 1DR,,https://blissfulnailstudio.mytreatwell.co.uk/,
Yaa Yaa & Sisters,,Beauty & Wellness,Streatham,187 Streatham High Rd,SW16 6EG,,,
Rose & Blossom Nail Spa,,Beauty & Wellness,Streatham,"4, Central Parade, Streatham High Rd",SW16 1HT,,http://roseandblossomnailspa.co.uk/,
Tanning @ Streatham High Road,,Services & Experiences,Streatham,560 Streatham High Rd,SW16 3QG,,,
Zury,,Beauty & Wellness,Streatham,131 Streatham High Rd,SW16 1HJ,,,
La Casita Restaurant,,Food & Drink,Streatham,122 Streatham High Rd,SW16 1BW,,http://www.lacasitatapas.co.uk/,
Streatham Kitchen,,Food & Drink,Streatham,20 Mitcham Ln,SW16 6NN,,http://www.streathamkitchen.com/,
Lobito Grill,,Food & Drink,Streatham,9 Shrubbery Rd,SW16 2AS,,http://www.lobitogrill.com/,
The Hill Streatham,,Food & Drink,Streatham,5 Streatham High Rd,SW16 1EF,,https://thehillsw16.com/,
Steakout Norbury,,Food & Drink,Streatham,1443 London Rd,SW16 4AQ,,http://www.steakoutuk.com/,Halal steaks in traditional South African marinade cooked on open grill in simple but smart setting.
Marinatto,,Food & Drink,Streatham,"Ground Floor, 27 Streatham High Rd",SW16 1DT,,https://www.marinatto.uk/,
The Bull,,Food & Drink,Streatham,498 Streatham High Rd,SW16 3QB,,https://www.thebullstreatham.co.uk/,"Local venue with an old, dark-wood bar, high ceilings plus a menu of pub classics."
The Black Kitchen,,Food & Drink,Streatham,426 Streatham High Rd,SW16 3PX,,https://www.theblackkitchen.co.uk/,
Grill Icons,,Food & Drink,Streatham,318 Streatham High Rd,SW16 6HG,,https://www.just-eat.co.uk/restaurants-xpressgrill-sw16,
Game Galaxy,,Tech & Gadgets,Streatham,244 Streatham High Rd,SW16 1BB,,,
cardfactory,,Home & Living,Streatham,144 Streatham High Rd,SW16 1BJ,,https://www.cardfactory.co.uk/storefinder/,"Chain retailer specialising in cards, gifts & party products, including balloons & wrapping."
The Mud Room LTD,,Food & Drink,Streatham,11 Leigham Ct Rd,SW16 2ND,,https://themudroomlondon.com/,
Tesco Extra,,Services & Experiences,Streatham,384 Streatham High Rd,SW16 6HP,,https://www.tesco.com/store-locator/london/384-streatham-high-road,"Sprawling supermarket featuring a wide selection of groceries & household goods, plus a cafe."
Streatham High Street Sainsbury's (Argos Collection Point),,Fashion & Apparel,Streatham,172-176 Streatham High Rd,SW16 1BJ,,https://www.argos.co.uk/stores/5743-streatham-high-street-sainsbury%27s-(argos-collection-point),
Lidl,,Services & Experiences,Streatham,222 Streatham High Rd,SW16 1BB,,https://www.lidl.co.uk/,
Tulse Hill barbers,,Food & Drink,West Norwood,180 Norwood Rd,SE27 9AU,,,
The Eagles Barbershop,,Food & Drink,West Norwood,377 Norwood Rd,SE27 9BQ,,,
ICONIC BARBERS,,Food & Drink,West Norwood,326 Norwood Rd,SE27 9AF,,http://www.iconicbarbers.co.uk/,
K&H Barbers - West Norwood,,Food & Drink,West Norwood,94 Knights Hill,SE27 0JL,,https://www.khbarbers.com/,
Taper Time Grooming,,Food & Drink,West Norwood,34 Knights Hill,SE27 0HY,,http://tapertime.uk/,
Cosy Hair Salon,,Beauty & Wellness,West Norwood,389 Norwood Rd,SE27 9BQ,,https://cosyhairsalon.co.uk/,
Cliff Cut Barbers & Hair Salon,,Food & Drink,West Norwood,Norwood High St,SE27 9TB,,,
Barbers shop,,Food & Drink,West Norwood,241A Gipsy Rd,SE27 9QY,,,
Pop West Norwood,,Beauty & Wellness,West Norwood,264 Norwood Rd,SE27 9AJ,,http://www.popwestnorwood.co.uk/,
Steven's barber,,Food & Drink,West Norwood,"Norwood, 124 SE27 9NH",SE27 9NH,,https://www.instagram.com/stevensbarber_uk/,
